CONTRACT,DBT_NO,
APCO,APCEASSHOHOP,
APCO,APCLAR,
APCO,APCOALBNOR,
APCO,APCOBACMAR,
APCO,APCOBAI,
APCO,APCOBAL,
APCO,APCOBARHEA,
APCO,APCOCRA,
APCO,APCOCRAWES,
APCO,APCOEASGEE,
APCO,APCOEPP,
APCO,APCOGEENOR,
APCO,APCOHIG,
APCO,APCOKANFLA,
APCO,APCOLAR,
APCO,APCONEW,
APCO,APCOSKI,
APCO,APCOSOUGEE,
APCO,APCOSTR,
APCO,APCOWAN,
APCO,APCOWAR,
APCO,APCTHO,
APCO,APCWAUPON,
BARBUYS,CROCOATRA,
BARBUYS,CROOCETRA,
BARBUYS,BARBUYEAG,
BARBUYS,BARBUYGRI,
BARBUYS,TREHUNGRI,
BARBUYS,TREHUNMOR,
BARBUYS,TREHUNBEN,
BARBUYS,TREHUNBENHIG,
BARBUYS,BARBUYWAR,
BARBUYS,TREHUNALB,
BARBUYS,BARBUYWAG,
BARBUYS,TREHUNWAL,
BARBUYS,TREHUNTWOD,
BARBUYS,BARBUYLEE,
BARCITY,BARCITASP,
BARCITY,BARCITCHE2,
BARCITY,BARCITSTAF,
BARCITY,BARCITLUT,
BARCITY,BARCITTOO,
BARCITY,BARCITMARPLA,
BARCITY,BARCITBRI,
BARCITY,BARCITTHEGAP,
DISDAVE,DISDAVBAT,
DISDAVE,DISDAVBLA,
DISDAVE,DISDAVFOR,
DISDAVE,DISDAVPAR,
DISDAVE,DISDAVWESWYA,
DISDAVE,TENTOPARM,
DISDAVE,TENTOPDUB,
DISDAVE,TENTOPFYS,
DISDAVE,TENTOPLIT,
DISDAVE,TENTOPNOW,
DISDAVE,TENTOPPEN,
DISDAVE,TENTOPRIC,
DISDAVE,TENTOPTAM,
DISDAVE,TENTOPWAG,
DOLSEN,DOLSENAIRBEA,
DOLSEN,DOLSENANN,
DOLSEN,DOLSENBIL,
DOLSEN,DOLSENBIRT,
DOLSEN,DOLSENCAS,
DOLSEN,DOLSENCHI,
DOLSEN,DOLSENDAL,
DOLSEN,DOLSENDUB,
DOLSEN,DOLSENFAI,
DOLSEN,DOLSENGRAC,
DOLSEN,DOLSENKAT,
DOLSEN,DOLSENMAC,
DOLSEN,DOLSENMTGRA,
DOLSEN,DOLSENMTISA2,
DOLSEN,DOLSENMTISA,
DOLSEN,DOLSENNIG,
DOLSEN,DOLSENPAL,
DOLSEN,DOLSENRED,
DOLSEN,DOLSENSTA,
DOLSEN,DOLSENVIR,
DOLSEN,DOLSENYEP,
DOLSENMO,DOLSENBROO,
DOLSENMO,DISSTAKIP,
DOLSENMO,DOLSENLOGCEN,
DOLSENMO,DOLSENRUNBAY,
DOLSENMO,DISSTANER,
DOLSENMO,DISSTABUR,
DOLSENMO,DISSTACAB,
FRECHOHO,FRECHOMARS,
FRECHOHO,FRECHOMORE,
FRECHOHO,FRECHOCOO,
FRECHOHO,FRECHOULL,
FRECHOHO,FRECHOGATNEW,
FRECHOHO,FRECHOSPR,
FRECHOHO,FRECHOPARNEW,
FRECHOHO,FRECHOBRO,
FRECHOHO,FRECHOOXE,
FRECHOHO,FRECHOTOO2,
FRECHOHO,FRECHOTWEHEA,
FRECHOHO,FRECHOMAC,
FRECHOHO,FRECHOWOR,
FRECHOHO,FRECHOHER,
FRECHOHO,FRECHOGLA,
FRECHOHO,FRECHOWOD,
FRECHOHO,FRECHOMARO,
FRECHOHO,FRECHONOR,
FRECHOHO,FRECHOBENT,
FRECHOHO,FRECHOMAY,
FRECHOHO,FRECHOTOOR,
FRECHOHO,FRECHOKING,
FRECHOHO,FRECHOALEHEI,
FRECHOHO,FRECHOPORMAC,
FRECHOHO,FRECHOTARNEW,
FRECHOHO,FRECHOLIT,
FRECHOHO,FRECHORURVIE,
FRECHOHO,FRECHOUPPCOO,
FRECHOHO,FRECHOFIN,
FRECHOHO,FRECHOGLE,
FRECHOHO,FRECHOCOOCIT,
FRECHOHO,FRECHOMAL,
FRECHOHO,FRECHOPENHIL,
FRECHOHO,FRECHODAR,
FRECHOHO,FRECHOGRACEN,
FRECHOHO,FRECHOMOO,
FRECHOHO,FRECHOEIM,
FRECHOHO,FRECHOELEVAL,
JUSCRABAR,FAIDIN BAR,
JUSCRABAR,JUSCRABARBEE,
JUSCRABAR,JUSCRABARBOO,
JUSCRABAR,JUSCRABARCLI,
JUSCRABAR,JUSCRABARGAT,
JUSCRABAR,JUSCRABARGOO,
JUSCRABAR,JUSCRABARGOON,
JUSCRABAR,JUSCRABARGRA,
JUSCRABAR,JUSCRABARJIM,
JUSCRABAR,JUSCRABARSPR,
JUSCRABAR,JUSCRABARTHERID,
JUSCRABAR,JUSCRABARYAR,
JUSCRABAR,FDBBOO,
MADHOUSE,MADHOUAIT,
MADHOUSE,MADHOUYEP,
MADHOUSE,MADHOUROC,
MADHOUSE,MADHOURED,
MADHOUSE,MADHOUSTO,
MADHOUSE,HOMDOCBURHEA,
MASTALL,CLO9ARM,
MASTALL,CLO9BAL,
MASTALL,CLO9BARST,
MASTALL,CLO9BUN,
MASTALL,CLO9BUT,
MASTALL,CLO9CANNOR,
MASTALL,CLO9CANSOU,
MASTALL,CLO9CANVAL,
MASTALL,CLO9ELL,
MASTALL,CLO9FRE,
MASTALL,CLO9HAYST,
MASTALL,CLO9HIG,
MASTALL,CLO9ING,
MASTALL,CLO9JOO,
MASTALL,CLO9KEL,
MASTALL,CLO9MAL,
MASTALL,CLO9MAN,
MASTALL,CLO9MANFOR,
MASTALL,CLO9MID,
MASTALL,CLO9MIDEAS,
MASTALL,CLO9MOR,
MASTALL,CLO9OSBPAR,
MASTALL,CLO9RED,
MASTALL,CLO9ROC,
MASTALL,CLO9VIC,
MASTALL,CLO9WAN,
MASTALL,CLO9WEL,
MASTALL,EVEGRE,
MASTALL,CLO9GER,
MASTALL,CRESEL,
MASTALL,CTCBER,
MASTALL,CTCCES,
MASTALL,CTCCES2,
MASTALL,CTCEDG,
MASTALL,CTCMINMAL,
MASTALL,CTCMTHUT,
MASTALL,CTCRAY,
MASTALL,CTCSANREM,
MASTALL,CTCWARBAY,
MASTALL,CTCWOY,
MASTALL,CTCWYOM,
MASTALL,FOR5TRA,
MASTALL,CTCMACFIENEW,
MASTALL,TSGMORW,
MASTALL,FRECHOMORVIC,
MASTALL,TOBSTAVICMAR,
MASTALL,DANBLUSTK,
MASTALL,TSGWINVIC,
MASTALL,HIGONCHA,
MASTALL,TSGKNOCIT,
MASTCONSG1,CRESEL,
MASTCONSG1,HEAACANEWTOB,
MASTCONSG1,HEACIGTOBACARID,
MASTCONSG1,HEACIGTOBHIG,
MASTCONSG1,HEACIGTOBSPR,
MASTCONSG1,HEATOBSTAALGNEW,
MASTCONSG1,HEATOBSTACLAY,
MASTCONSG1,HEATOBSTAFER,
MASTCONSG1,HEATOBSTALOGRES,
MASTCONSG1,HEATOBSTAMARS,
MASTCONSG1,HEATOBSTAPARRID,
MASTCONSG1,HEATOBSTASPR,
MASTCONSG1,HEATSGBANPOI,
MASTCONSG1,HEATSGBEA,
MASTCONSG1,HEATSGKIN,
MASTCONSG1,HEATSGMIA,
MASTCONSG1,HEATSGNUN,
MASTCONSG1,HEATSGWAR,
MASTCONSG1,HEATSGWESPOI,
MASTCONSG1,CIGTOBSTA,
MASTCONSG1,CIGTOBPIMJUN,
MASTCONSG1,CIGTOBSIPDOW,
MASTCONSG1,CIGTOBPACPIN,
MASTCONSG1,CIGCOLPAR,
MASTCONSG1,CIGTOBNAM,
MASTCONSG1,CIGTOBPAR,
MASTCONSG1,CIGTOBRICH,
MASTCONSG1,CIGTOBSTA,
MASTCONSG1,CIGTOBUPPROS,
MASTCONSG1,CIGING,
MASTCONSG1,CIGTOBCON,
MASTCONSG1,CIGBEG,
MASTCONSG1,CIGKEM,
MASTCONSG1,CIGLAKCAT,
MASTCONSG1,CIGPORMAQ,
MASTCONSG1,CIGQUE,
MASTCONSG1,CIGSTEW,
MASTCONSG1,CIGYOU,
MASTCONSG1,TOBSTABAY,
MASTCONSG1,TOBSTACRAWF,
MASTCONSG1,TOBSTADUBNEW,
MASTCONSG1,TSGBUD,
MASTCONSG1,TSGCAL,
MASTCONSG1,TSGCHA,
MASTCONSG1,TSGCHI,
MASTCONSG1,TSGCHIBAY,
MASTCONSG1,TSGCOO,
MASTCONSG1,TSGDENTHE,
MASTCONSG1,TSGGUNG,
MASTCONSG1,TSGINV,
MASTCONSG1,TSGJAM,
MASTCONSG1,TSGJER,
MASTCONSG1,TSGKIP,
MASTCONSG1,TSGLIT,
MASTCONSG1,TSGMERMAR,
MASTCONSG1,TSGMIT,
MASTCONSG1,TSGQUE,
MASTCONSG1,TSGTUN,
MASTCONSG1,TSGUPPEAS,
MASTCONSG1,TSGWANSANPLA,
MASTCONSG1,TSGWEL,
MASTCONSG1,TSGYAS,
MASTCONSG1,TSGYOU,
MASTCONSG2,CIGTOBSTA,
MASTCONSG2,CIGTOBPIMJUN,
MASTCONSG2,CIGTOBSIPDOW,
MASTCONSG2,CIGTOBPACPIN,
MASTCONSG2,CIGCOLPAR,
MASTCONSG2,CIGTOBNAM,
MASTCONSG2,CIGTOBPAR,
MASTCONSG2,CIGTOBRICH,
MASTCONSG2,CIGTOBSTA,
MASTCONSG2,CIGTOBUPPROS,
MASTCONSG2,CIGING,
MASTCONSG2,CIGTOBCON,
MASTCONSG2,RAYCTCSINSQU,
MASTCONSG2,RAYCTCWAG,
MASTCONSG2,RAYCTCMUS,
MASTCONSG2,RAYCTCGRAF,
MASTCONSG2,RAYCTCKOO,
MASTCONSG2,RAYCTCWAU,
MASTCONSG2,RAYCTCKEMCBD,
MASTCONSG2,RAYCTCMOR,
MASTCONSG2,RAYCTCCOFHAR,
MASTCONSG2,RAYCTCPORMACCBD,
MASTCONSG2,RAYCTCRUTEAS,
MASTCONSG2,RAYCTCRUT,
MASTCONSG2,RAYCTCTAM,
MASTCONSG2,RAYCTCSOUTAM,
MASTCONSG2,RAYCTCTHO,
MASTCONSG2,RAYCTCNEW,
MASTCONSG2,RAYCTCMAI,
MASTCONSG2,RAYCTCPORMAC,
MASTCONSG2,RAYCTCLISCEN,
MASTCONSG2,RAYCTCSIN,
MASTCONSG2,RAYCTCLISSQU,
MASTCONSG2,RAYCTCDUB,
MASTCONSG2,RAYCTCORANOR,
MASTCONSG2,RAYCTCKEM,
MASTCONSG2,RAYCTCGLEPAR,
MASTCONSG2,RAYCTCTAR,
MASTCONSG2,RAYCTCCOFHARCBD,
MASTCONSG2,RAYCTCWIN,
MASTCONSG2,CTCBER,
MASTCONSG2,CTCCES,
MASTCONSG2,CTCCES2,
MASTCONSG2,CTCEDG,
MASTCONSG2,CTCMINMAL,
MASTCONSG2,CTCMTHUT,
MASTCONSG2,CTCRAY,
MASTCONSG2,CTCSANREM,
MASTCONSG2,CTCWARBAY,
MASTCONSG2,CTCWOY,
MASTCONSG2,CTCWYOM,
MASTCONSG2,FOR5TRA,
MASTCONSG2,TREPTYLTD,
MASTNONE,TSGBANPOI,
MASTNONE,TSGBIL,
MASTNONE,TSGCHAPAR,
MASTNONE,TSGEME,
MASTNONE,TSGGOO,
MASTNONE,TLCGYM,
MASTNONE,TSGKAW,
MASTNONE,TSGBOYISL,
MASTNONE,TSGNORLAK,
MASTNONE,TSGKIN,
MASTNONE,TSGKIR,
MASTNONE,TSGMACK,
MASTNONE,TSGDAI,
MASTNONE,TSGGYM,
MASTNONE,TSGMIA,
MASTNONE,TSGMORAN,
MASTNONE,TSGNUN,
MASTNONE,TSGROM,
MASTNONE,TSGSUNPLA,
MASTNONE,TSGSUNVAL,
MASTNONE,TSGNARA,
MASTNONE,TSGTANSAN,
MASTNONE,CIGTOBSTA,
MASTNONE,CIGTOBPIMJUN,
MASTNONE,CIGTOBSIPDOW,
MASTNONE,CIGTOBPACPIN,
MASTNONE,CIGCOLPAR,
MASTNONE,CIGTOBNAM,
MASTNONE,CIGTOBPAR,
MASTNONE,CIGTOBRICH,
MASTNONE,CIGTOBSOUTOW,
MASTNONE,CIGTOBUPPROS,
MASTNONE,CIGING,
MASTNONE,CIGTOBCON,
MASTNONE,HEAACANEWTOB,
MASTNONE,HEACIGTOBACARID,
MASTNONE,HEACIGTOBHIG,
MASTNONE,HEACIGTOBSPR,
MASTNONE,HEATOBSTAALGNEW,
MASTNONE,HEATOBSTACLAY,
MASTNONE,HEATOBSTAFER,
MASTNONE,HEATOBSTALOGRES,
MASTNONE,HEATOBSTAMARS,
MASTNONE,HEATOBSTAPARRID,
MASTNONE,HEATOBSTASPR,
MASTNONE,HEATSGBANPOI,
MASTNONE,HEATSGBEA,
MASTNONE,HEATSGKIN,
MASTNONE,HEATSGMIA,
MASTNONE,HEATSGNUN,
MASTNONE,HEATSGWAR,
MASTNONE,HEATSGWESPOI,
MASTNONE,TREPTYLTD,
MASTOILP,CLUXHIN,
MASTOILP,CLUXKINWIL,
MASTOILP,CLUXNORCOB,
MASTOILP,CLUXMEL,
MASTOILP,CLUXGLE,
MASTOILP,CLUXSTKIL,
MASTOILP,CLUXSOUMEL,
MASTOILP,CLUXDEN,
MASTOILP,CLUXFOO,
MASTOILP,CLUXBRU,
MASTOILP,CLUXPRE,
MASTOILP,CLUXNOR,
MASTOILP,CLUXPER,
MASTOILP,CLUXBAY,
MASTOILP,CLUXBOX,
MASTOILP,CLUXRIN,
MASTOILP,CLUXTHO,
MASTOILP,CLUXMIL,
MASTOILP,CLUXBAL,
MASTOILP,CLUXBEN,
MASTOILP,CLUXDAN,
MASTOILP,CLUXTRA,
MASTOILP,CLUXALB,
MASTOILP,CLUXHAY,
MASTOILP,CLUXOXE,
MASTOILP,CLUXMOO,
MASTOILP,CLUXHOPCRO,
MASTOILP,VAPCLONEWTOB,
MASTOILP,VAPCLOBURCEN,
MASTOILP,VAPCLODFO,
MASTOILP,TOBSTABUR1,
MASTOILP,TOBSTAMAN,
MASTOILP,THETOBSHOCOO,
MASTOILP,CIGORM,Cignall Ormeau
MASTOILP,CIGORMVIL,Cignall Ormeau village
MASTOILP,MARNEWGIFTOB,Marsden news
MASTOILP,CIGARN,Cignall Arndale
MASTOILP,CIGORM,
MASTOILP,CIGARN,
MASTOILP,CIGORMVIL,
MASTOILP,CIGTOBEASHIL,
MASTOILP,MARNEWGIFTOB,
MASTOILP,CIGTCHACEN,
OVERFLOW,DOLSENBRO,
OVERFLOW,OVEBROPLA,
OVERFLOW,OVEMORA,
OVERFLOW,OVEPALMD,
OVERFLOW,COSULES,
OVERFLOW,OVEFLOSUMPAR,
OVERFLOW,OVEFLOBEE,
PRIBUS,PRIBUSRED,
PRIBUS,PRIBUSLIT,
PRIBUS,PRIBUSKIP,
PRIBUS,PRIBUSVARSTR,
PRIBUS,PRIBUSKIN,
PRIBUS,PRIBUSEAG,
PRIBUS,PRIBUSTEN,
PRIBUS,PRIBUSINV,
PRIBUS,PRIBUSGOO,
PRIBUS,PRIBUSGAY,
PRIBUS,PRIBUSMUN,
PRIBUS,PRIBUSNAN,
PRIBUS,PRIBUSYAM,
PRIBUS,PRIBUSCAS,
PRIBUS,PRIBUSSTA,
PRIBUS,PRIBUSBRICIT,
PUMAENERGY,CHEAUSDOWFUE,
PUMAENERGY,CHOCAR,
PUMAENERGY,PUMCLE,
PUMAENERGY,PUMENEALB,
PUMAENERGY,PUMENEALEHEI,
PUMAENERGY,PUMENEALICIT,
PUMAENERGY,PUMENEAND,
PUMAENERGY,PUMENEARCBEA,
PUMAENERGY,PUMENEARM,
PUMAENERGY,PUMENEATH,
PUMAENERGY,PUMENEBAL,
PUMAENERGY,PUMENEBALB,
PUMAENERGY,PUMENEBALKEN,
PUMAENERGY,PUMENEBANTRU,
PUMAENERGY,PUMENEBAR,
PUMAENERGY,PUMENEBARR,
PUMAENERGY,PUMENEBAY,
PUMAENERGY,PUMENEBED,
PUMAENERGY,PUMENEBEL,
PUMAENERGY,PUMENEBEL33,
PUMAENERGY,PUMENEBENPAR,
PUMAENERGY,PUMENEBER,
PUMAENERGY,PUMENEBILDUN,
PUMAENERGY,PUMENEBILHAR,
PUMAENERGY,PUMENEBIN,
PUMAENERGY,PUMENEBLI,
PUMAENERGY,PUMENEBOH,
PUMAENERGY,PUMENEBOW,
PUMAENERGY,PUMENEBUND,
PUMAENERGY,PUMENEBUNSOU,
PUMAENERGY,PUMENEBUNWES,
PUMAENERGY,PUMENEBUR,
PUMAENERGY,PUMENEBUSCAU,
PUMAENERGY,PUMENEBYF,
PUMAENERGY,PUMENECABEAS,
PUMAENERGY,PUMENECABWES,
PUMAENERGY,PUMENECAL,
PUMAENERGY,PUMENECALO,
PUMAENERGY,PUMENECANVAL,
PUMAENERGY,PUMENECAR,
PUMAENERGY,PUMENECAS,
PUMAENERGY,PUMENECASCIT,
PUMAENERGY,PUMENECAST,
PUMAENERGY,PUMENECHA,
PUMAENERGY,PUMENECHOSUN,
PUMAENERGY,PUMENECLA,
PUMAENERGY,PUMENECLUTOW,
PUMAENERGY,PUMENECOM,
PUMAENERGY,PUMENECOO,
PUMAENERGY,PUMENECOOPLA,
PUMAENERGY,PUMENECORCOL,
PUMAENERGY,PUMENECUR,
PUMAENERGY,PUMENECURR,
PUMAENERGY,PUMENECURSTE,
PUMAENERGY,PUMENEDAG,
PUMAENERGY,PUMENEDARCIT,
PUMAENERGY,PUMENEDAY,
PUMAENERGY,PUMENEDAYB,
PUMAENERGY,PUMENEDIA,
PUMAENERGY,PUMENEDUTPAR,
PUMAENERGY,PUMENEEAG,
PUMAENERGY,PUMENEEDE,
PUMAENERGY,PUMENEEIGMILPLA,
PUMAENERGY,PUMENEEL ARI,
PUMAENERGY,PUMENEENO,
PUMAENERGY,PUMENEEPPCOO,
PUMAENERGY,PUMENEEVEPAR,
PUMAENERGY,PUMENEFANBAY,
PUMAENERGY,PUMENEFAR,
PUMAENERGY,PUMENEFORRAN,
PUMAENERGY,PUMENEGAR,
PUMAENERGY,PUMENEGIN,
PUMAENERGY,PUMENEGIS,
PUMAENERGY,PUMENEGLA,
PUMAENERGY,PUMENEGLACIT,
PUMAENERGY,PUMENEGLAWES,
PUMAENERGY,PUMENEGLE,
PUMAENERGY,PUMENEGLEFPR,
PUMAENERGY,PUMENEGNA,
PUMAENERGY,PUMENEGRA,
PUMAENERGY,PUMENEGRAN,
PUMAENERGY,PUMENEGRE,
PUMAENERGY,PUMENEGUI,
PUMAENERGY,PUMENEGUT,
PUMAENERGY,PUMENEGWE,
PUMAENERGY,PUMENEHAMCAF,
PUMAENERGY,PUMENEHAMHIL,
PUMAENERGY,PUMENEHAMHILSOU,
PUMAENERGY,PUMENEHARANZ,
PUMAENERGY,PUMENEHARUDA,
PUMAENERGY,PUMENEHEAOFF,
PUMAENERGY,PUMENEHEDGRE,
PUMAENERGY,PUMENEHOWSPR,
PUMAENERGY,PUMENEHUM,
PUMAENERGY,PUMENEJIN,
PUMAENERGY,PUMENEJOO,
PUMAENERGY,PUMENEKAL,
PUMAENERGY,PUMENEKALG,
PUMAENERGY,PUMENEKALI,
PUMAENERGY,PUMENEKAR,
PUMAENERGY,PUMENEKARMOT,
PUMAENERGY,PUMENEKED,
PUMAENERGY,PUMENEKEM,
PUMAENERGY,PUMENEKIA,
PUMAENERGY,PUMENEKNULAG,
PUMAENERGY,PUMENEKOON,
PUMAENERGY,PUMENEKUN,
PUMAENERGY,PUMENEKUNPAR,
PUMAENERGY,PUMENEKYB,
PUMAENERGY,PUMENELAB,
PUMAENERGY,PUMENELAV,
PUMAENERGY,PUMENELES,
PUMAENERGY,PUMENELOG,
PUMAENERGY,PUMENELUD,
PUMAENERGY,PUMENELYN,
PUMAENERGY,PUMENEMACCIT,
PUMAENERGY,PUMENEMACNOR,
PUMAENERGY,PUMENEMAD,
PUMAENERGY,PUMENEMADE,
PUMAENERGY,PUMENEMAL,
PUMAENERGY,PUMENEMALA,
PUMAENERGY,PUMENEMAN,
PUMAENERGY,PUMENEMAR,
PUMAENERGY,PUMENEMARCEN,
PUMAENERGY,PUMENEMAROO,
PUMAENERGY,PUMENEMARPAR,
PUMAENERGY,PUMENEMEASPR,
PUMAENERGY,PUMENEMER,
PUMAENERGY,PUMENEMIA,
PUMAENERGY,PUMENEMID,
PUMAENERGY,PUMENEMIN,
PUMAENERGY,PUMENEMONROA,
PUMAENERGY,PUMENEMORACC,
PUMAENERGY,PUMENEMORBLU,
PUMAENERGY,PUMENEMOSPAR,
PUMAENERGY,PUMENEMOU,
PUMAENERGY,PUMENEMOULAW,
PUMAENERGY,PUMENEMTLAR,
PUMAENERGY,PUMENEMTMEL,
PUMAENERGY,PUMENEMUN,
PUMAENERGY,PUMENEMUN7060,
PUMAENERGY,PUMENEMUR,
PUMAENERGY,PUMENEMURDOW,
PUMAENERGY,PUMENEMUS,
PUMAENERGY,PUMENENAM,
PUMAENERGY,PUMENENAR,
PUMAENERGY,PUMENENEE,
PUMAENERGY,PUMENENEW,
PUMAENERGY,PUMENENIG,
PUMAENERGY,PUMENENORPAR,
PUMAENERGY,PUMENENORPER,
PUMAENERGY,PUMENENUN,
PUMAENERGY,PUMENEOAK,
PUMAENERGY,PUMENEORDRIV,
PUMAENERGY,PUMENEOSBPAR,
PUMAENERGY,PUMENEPAL,
PUMAENERGY,PUMENEPAR,
PUMAENERGY,PUMENEPARAVE,
PUMAENERGY,PUMENEPARPAR,
PUMAENERGY,PUMENEPARROC,
PUMAENERGY,PUMENEPEA,
PUMAENERGY,PUMENEPELWAT,
PUMAENERGY,PUMENEPERBEA,
PUMAENERGY,PUMENEPIC,
PUMAENERGY,PUMENEPIN,
PUMAENERGY,PUMENEPOR,
PUMAENERGY,PUMENEPORAUG,
PUMAENERGY,PUMENEPORPAR,
PUMAENERGY,PUMENEPRE,
PUMAENERGY,PUMENEPUMKAT,
PUMAENERGY,PUMENERAC,
PUMAENERGY,PUMENERED,
PUMAENERGY,PUMENEREDBUL,
PUMAENERGY,PUMENEREIRIV,
PUMAENERGY,PUMENERIC,
PUMAENERGY,PUMENERIV,
PUMAENERGY,PUMENEROC,
PUMAENERGY,PUMENEROCBRI,
PUMAENERGY,PUMENEROCK,
PUMAENERGY,PUMENEROS,
PUMAENERGY,PUMENERUT,
PUMAENERGY,PUMENESAR,
PUMAENERGY,PUMENESAWVAL,
PUMAENERGY,PUMENESET,
PUMAENERGY,PUMENESOU,
PUMAENERGY,PUMENESOUHED,
PUMAENERGY,PUMENESPR,
PUMAENERGY,PUMENESTR,
PUMAENERGY,PUMENESTRA,
PUMAENERGY,PUMENESTRDOW,
PUMAENERGY,PUMENESUN,
PUMAENERGY,PUMENESUNVAL,
PUMAENERGY,PUMENETAMROA,
PUMAENERGY,PUMENETAR,
PUMAENERGY,PUMENETEAGAR,
PUMAENERGY,PUMENETHEGAP,
PUMAENERGY,PUMENETHORN,
PUMAENERGY,PUMENETINSOU,
PUMAENERGY,PUMENETRA,
PUMAENERGY,PUMENETRU,
PUMAENERGY,PUMENETRUCIT,
PUMAENERGY,PUMENETUG,
PUMAENERGY,PUMENEUPPSWA,
PUMAENERGY,PUMENEURA,
PUMAENERGY,PUMENEVICPAR,
PUMAENERGY,PUMENEWAC,
PUMAENERGY,PUMENEWAN,
PUMAENERGY,PUMENEWAND,
PUMAENERGY,PUMENEWANN,
PUMAENERGY,PUMENEWAR,
PUMAENERGY,PUMENEWARWIC,
PUMAENERGY,PUMENEWATGRO,
PUMAENERGY,PUMENEWATROA,
PUMAENERGY,PUMENEWEL,
PUMAENERGY,PUMENEWESEND,
PUMAENERGY,PUMENEWESIPS,
PUMAENERGY,PUMENEWETPAR,
PUMAENERGY,PUMENEWIS,
PUMAENERGY,PUMENEWISH,
PUMAENERGY,PUMENEWOO,
PUMAENERGY,PUMENEWOR,
PUMAENERGY,PUMENEWYNPRE,
PUMAENERGY,PUMENEWYNWES,
PUMAENERGY,PUMENEYAN,
PUMAENERGY,PUMENEYEP,
PUMAENERGY,PUMENEYOK,
PUMAENERGY,PUMENEYOR,
PUMAENERGY,PUMENEZIL,
PUMAENERGY,PUMENEZILZ,
PUMAENERGY,ZYPUMENEBOURD,
PUMAENERGY,ZYPUMENECAS1,
PUMAENERGY,ZYPUMENECON,
PUMAENERGY,ZYPUMENEGULROC,
PUMAENERGY,ZYPUMENEKED,
PUMAENERGY,ZYPUMENENORMAL,
PUMAENERGY,ZYPUMENEPALM,
PUMAENERGY,ZYPUMENEPIN,
PUMAENERGY,ZYPUMENESANCRE,
PUMAENERGY,ZYPUMENESAR,
PUMAENERGY,ZYPUMENETRUCIT,
RAYMCTC,RAYCTCSINSQU,
RAYMCTC,RAYCTCWAG,
RAYMCTC,RAYCTCMUS,
RAYMCTC,RAYCTCGRAF,
RAYMCTC,RAYCTCKOO,
RAYMCTC,RAYCTCWAU,
RAYMCTC,RAYCTCKEMCBD,
RAYMCTC,RAYCTCMOR,
RAYMCTC,RAYCTCCOFHAR,
RAYMCTC,RAYCTCPORMACCBD,
RAYMCTC,RAYCTCRUTEAS,
RAYMCTC,RAYCTCRUT,
RAYMCTC,RAYCTCTAM,
RAYMCTC,RAYCTCSOUTAM,
RAYMCTC,RAYCTCTHO,
RAYMCTC,RAYCTCNEW,
RAYMCTC,RAYCTCMAI,
RAYMCTC,RAYCTCPORMAC,
RAYMCTC,RAYCTCLISCEN,
RAYMCTC,RAYCTCSIN,
RAYMCTC,RAYCTCLISSQU,
RAYMCTC,RAYCTCDUB,
RAYMCTC,RAYCTCORANOR,
RAYMCTC,RAYCTCKEM,
RAYMCTC,RAYCTCGLEPAR,
RAYMCTC,RAYCTCTAR,
RAYMCTC,RAYCTCCOFHARCBD,
RAYMCTC,CTCTAMSQU,
RAYMCTC,RAYCTCWIN,
RONDIS,RONBAN,
RONDIS,RONBON,
RONDIS,RONDISVARCAS,
RONDIS,RONHOMDEPNAR,
RONDIS,RONHOMDEPPEN,
RONDIS,RONROUHIL,
SAPUTRA,SAPKINOFTHEPACANN,
SAPUTRA,SAPKINOFTHEPACCRA,
SAPUTRA,SAPKINOFTHEPACPLA,
SAPUTRA,SAPMRSMOBIR,
SAPUTRA,SAPMRSMOBUN,
SAPUTRA,SAPMRSMOEAG,
SAPUTRA,SAPMRSMOLOGRES,
SAPUTRA,SAPMRSMOREDBAY,
SAPUTRA,SAPTOBSTABANY,
SAPUTRA,SAPTOBSTACLO,
SAPUTRA,SAPTOBSTACOOEAS,
SAPUTRA,SAPTOBSTACOOVIL,
SAPUTRA,SAPTOBSTAFERN,
SAPUTRA,SAPTOBSTAKINST,
SAPUTRA,SAPTOBSTAMARG,
SAPUTRA,SAPTOBSTANOOVIL,
SAPUTRA,SAPTOBSTAPACPAR,
SAPUTRA,SAPTOBSTASOUPAR,
SAPUTRA,SAPTOBSTAWESIPS,
SAPUTRA,SAPTOBSTAWOOL,
SAPUTRA,SAPTSGBAR,
SAPUTRA,SAPTSGKAR,
SAPUTRA,SAPTSGSPR,
SAPUTRA,SAPTSGYAM,
SIAPTYLTD,BETHOMBRO,
SIAPTYLTD,BETHOMCOR,
SIAPTYLTD,BETHOMLEO,
SIAPTYLTD,BETHOMWAVGAR,
SIAPTYLTD,FANVARCOR,
SIAPTYLTD,FANVARDEEPAR,
SIAPTYLTD,FANVARMEL,
SIAPTYLTD,ILOVTHISHOBAL,
SIAPTYLTD,ILOVTHISHOMOOAIR,
SIAPTYLTD,MMAR,
SIAPTYLTD,PARHOM,
SILSOL,CRACLABIL,
SILSOL,GBOONE,
SILSOL,SILSOLAIR,
SILSOL,SILSOLAYR,
SILSOL,SILSOLBAT,
SILSOL,SILSOLBER,
SILSOL,SILSOLBOXHIL,
SILSOL,SILSOLBRE,
SILSOL,SILSOLCRA,
SILSOL,SILSOLEAR,
SILSOL,SILSOLEME,
SILSOL,SILSOLGLA,
SILSOL,SILSOLGOU,
SILSOL,SILSOLING,
SILSOL,SILSOLLIS,
SILSOL,SILSOLLOG,
SILSOL,SILSOLMAC,
SILSOL,SILSOLMOR,
SILSOL,SILSOLNORPLA,
SILSOL,SILSOLPIA,
SILSOL,SILSOLROB,
SILSOL,SILSOLROC,
SILSOL,SILSOLSHO,
SILSOL,SILSOLTOO,
SILSOL,SILSOLTOW,
SILSOL,SILSOLTRA,
SILSOL,SILSOLWAR,
SILSOL,SILSOLYAM,
SILSOL,SILSOLYEP,
SILSOL,SILSOLTHO,
SINDHIZ,CIGBEG,
SINDHIZ,CIGKEM,
SINDHIZ,CIGLAKCAT,
SINDHIZ,CIGPORMAQ,
SINDHIZ,CIGQUE,
SINDHIZ,CIGSTEW,
SINDHIZ,CIGYOU,
SINDHIZ,TOBSTABAY,
SINDHIZ,TOBSTACRAWF,
SINDHIZ,TOBSTADUBNEW,
SINDHIZ,TSGBUD,
SINDHIZ,TSGCAL,
SINDHIZ,TSGCHA,
SINDHIZ,TSGCHI,
SINDHIZ,TSGCHIBAY,
SINDHIZ,TSGCOO,
SINDHIZ,TSGDENTHE,
SINDHIZ,TSGGUNG,
SINDHIZ,TSGINV,
SINDHIZ,TSGJAM,
SINDHIZ,TSGJER,
SINDHIZ,TSGKIP,
SINDHIZ,TSGLIT,
SINDHIZ,TSGMERMAR,
SINDHIZ,TSGMIT,
SINDHIZ,TSGQUE,
SINDHIZ,TSGTUN,
SINDHIZ,TSGUPPEAS,
SINDHIZ,TSGWANSANPLA,
SINDHIZ,TSGWEL,
SINDHIZ,TSGYAS,
SINDHIZ,TSGYOU,
SMADOL,DOLPOP,
SMADOL,PANHOMBAC,
SMADOL,SMADOLARM,
SMADOL,SMADOLBAL,
SMADOL,SMADOLBAT,
SMADOL,SMADOLBEG,
SMADOL,SMADOLBEL,
SMADOL,SMADOLBON,
SMADOL,SMADOLBUSBEA,
SMADOL,SMADOLCAM,
SMADOL,SMADOLCOO,
SMADOL,SMADOLDEL,
SMADOL,SMADOLGEE,
SMADOL,SMADOLJOO,
SMADOL,SMADOLKAR,
SMADOL,SMADOLKNO,
SMADOL,SMADOLKOT,
SMADOL,SMADOLLIT,
SMADOL,SMADOLLIV2,
SMADOL,SMADOLMIR,
SMADOL,SMADOLMUD,
SMADOL,SMADOLPAR,
SMADOL,SMADOLSTMAR,
SMADOL,SMADOLTHO,
SMADOL,SMADOLTOW,
SMADOL,SMADOLTUG,
SMADOL,SMADOLTUGHYP,
SMADOL,SMADOLWAR,
SMADOL,SMADOLWARNBRO,
SMADOL,SMADOLWEL,
SMADOL,SMADOLWETPAR,
SMADOL,SMADOLWOD,
SMADOL,SMADOLWYO,
SMADOL,SMADOLMID,
SMADOL,SMAMARTUAHIL,
SMADOL,SMADOLPARWESNEW,
SMADOL,SMADOLROS,
SMOKEMART,SMGBCENTRIGAR,
SMOKEMART,SMOMARAIR,
SMOKEMART,SMOMARALB,
SMOKEMART,SMOMARALBKIE,
SMOKEMART,SMOMARALBPLA,
SMOKEMART,SMOMARALL,
SMOKEMART,SMOMARARM,
SMOKEMART,SMOMARARMCEN,
SMOKEMART,SMOMARASH,
SMOKEMART,SMOMARAUS,
SMOKEMART,SMOMARBAL,
SMOKEMART,SMOMARBALCAT,
SMOKEMART,SMOMARBALCEN,
SMOKEMART,SMOMARBANGRO,
SMOKEMART,SMOMARBATBAY,
SMOKEMART,SMOMARBEL,
SMOKEMART,SMOMARBEN,
SMOKEMART,SMOMARBENPLA,
SMOKEMART,SMOMARBER,
SMOKEMART,SMOMARBLACRO,
SMOKEMART,SMOMARBRAN,
SMOKEMART,SMOMARBRAS,
SMOKEMART,SMOMARBRIMAR,
SMOKEMART,SMOMARBRO,
SMOKEMART,SMOMARBROBOU,
SMOKEMART,SMOMARBROOK,
SMOKEMART,SMOMARBUN,
SMOKEMART,SMOMARBUNCEN,
SMOKEMART,SMOMARBUT,
SMOKEMART,SMOMARCAB,
SMOKEMART,SMOMARCAN,
SMOKEMART,SMOMARCANVAL,
SMOKEMART,SMOMARCAR,
SMOKEMART,SMOMARCARCIT,
SMOKEMART,SMOMARCENMAN,
SMOKEMART,SMOMARCENREG,
SMOKEMART,SMOMARCENTUL,
SMOKEMART,SMOMARCHASQU,
SMOKEMART,SMOMARCHASTR,
SMOKEMART,SMOMARCHE,
SMOKEMART,SMOMARCOC,
SMOKEMART,SMOMARCOLPEN,
SMOKEMART,SMOMARCOLSMOMAR,
SMOKEMART,SMOMARDAL,
SMOKEMART,SMOMARDAN,
SMOKEMART,SMOMARDEL,
SMOKEMART,SMOMAREATFAI,
SMOKEMART,SMOMARELICIT,
SMOKEMART,SMOMARELISOU,
SMOKEMART,SMOMARELL,
SMOKEMART,SMOMAREMEHIG,
SMOKEMART,SMOMAREPP,
SMOKEMART,SMOMARERIFAI,
SMOKEMART,SMOMARFOR,
SMOKEMART,SMOMARGAR,
SMOKEMART,SMOMARGBONL,
SMOKEMART,SMOMARGIDBAS,
SMOKEMART,SMOMARGIFABE,
SMOKEMART,SMOMARGIFBAL,
SMOKEMART,SMOMARGIFBELCIT,
SMOKEMART,SMOMARGIFBRIISL,
SMOKEMART,SMOMARGIFBROBEA,
SMOKEMART,SMOMARGIFBUNSOU,
SMOKEMART,SMOMARGIFCABSOU,
SMOKEMART,SMOMARGIFCAM,
SMOKEMART,SMOMARGIFCAMMAL,
SMOKEMART,SMOMARGIFCAMPAR,
SMOKEMART,SMOMARGIFCAR,
SMOKEMART,SMOMARGIFCAROU,
SMOKEMART,SMOMARGIFCENJAN,
SMOKEMART,SMOMARGIFCOL,
SMOKEMART,SMOMARGIFCOR,
SMOKEMART,SMOMARGIFDEN,
SMOKEMART,SMOMARGIFDOGSWA,
SMOKEMART,SMOMARGIFDUB,
SMOKEMART,SMOMARGIFDUBCIT,
SMOKEMART,SMOMARGIFEASVIC,
SMOKEMART,SMOMARGIFERS,
SMOKEMART,SMOMARGIFESP,
SMOKEMART,SMOMARGIFFOR,
SMOKEMART,SMOMARGIFFORLAK,
SMOKEMART,SMOMARGIFGER,
SMOKEMART,SMOMARGIFGLAWES,
SMOKEMART,SMOMARGIFGLE,
SMOKEMART,SMOMARGIFGOO,
SMOKEMART,SMOMARGIFGOU,
SMOKEMART,SMOMARGIFHACWES,
SMOKEMART,SMOMARGIFHAL,
SMOKEMART,SMOMARGIFHAY,
SMOKEMART,SMOMARGIFIPSNOR,
SMOKEMART,SMOMARGIFKINMEA,
SMOKEMART,SMOMARGIFLAV,
SMOKEMART,SMOMARGIFMAC,
SMOKEMART,SMOMARGIFMAY,
SMOKEMART,SMOMARGIFMER,
SMOKEMART,SMOMARGIFMOR,
SMOKEMART,SMOMARGIFMOW,
SMOKEMART,SMOMARGIFMTPLE,
SMOKEMART,SMOMARGIFMUD,
SMOKEMART,SMOMARGIFMUN,
SMOKEMART,SMOMARGIFNEW,
SMOKEMART,SMOMARGIFNOR,
SMOKEMART,SMOMARGIFONLNSW,
SMOKEMART,SMOMARGIFPEN,
SMOKEMART,SMOMARGIFQUE,
SMOKEMART,SMOMARGIFSHE,
SMOKEMART,SMOMARGIFSHO,
SMOKEMART,SMOMARGIFSOURIV,
SMOKEMART,SMOMARGIFSWA,
SMOKEMART,SMOMARGIFULV,
SMOKEMART,SMOMARGIFWAN,
SMOKEMART,SMOMARGIFWHI,
SMOKEMART,SMOMARGIFWOO,
SMOKEMART,SMOMARGIFWOOCRO,
SMOKEMART,SMOMARGIFYAN,
SMOKEMART,SMOMARGIFYAR,
SMOKEMART,SMOMARGLA,
SMOKEMART,SMOMARGLASQU,
SMOKEMART,SMOMARGLE,
SMOKEMART,SMOMARGLEN,
SMOKEMART,SMOMARGOLGRO,
SMOKEMART,SMOMARGRE,
SMOKEMART,SMOMARGREST,
SMOKEMART,SMOMARHALHEA,
SMOKEMART,SMOMARHAR,
SMOKEMART,SMOMARHED,
SMOKEMART,SMOMARHINST,
SMOKEMART,SMOMARHOL,
SMOKEMART,SMOMARHUR,
SMOKEMART,SMOMARINGFAR,
SMOKEMART,SMOMARJES,
SMOKEMART,SMOMARKAL,
SMOKEMART,SMOMARKAR,
SMOKEMART,SMOMARKIL,
SMOKEMART,SMOMARKNO,
SMOKEMART,SMOMARKOT,
SMOKEMART,SMOMARKWI,
SMOKEMART,SMOMARLAK,
SMOKEMART,SMOMARLAKLAN,
SMOKEMART,SMOMARLAKMAQ,
SMOKEMART,SMOMARLAN,
SMOKEMART,SMOMARLANSQU,
SMOKEMART,SMOMARLAV,
SMOKEMART,SMOMARLEO,
SMOKEMART,SMOMARLIV,
SMOKEMART,SMOMARMAC,
SMOKEMART,SMOMARMAD,
SMOKEMART,SMOMARMAND,
SMOKEMART,SMOMARMARUPP,
SMOKEMART,SMOMARMARWAT,
SMOKEMART,SMOMARMEL,
SMOKEMART,SMOMARMELT,
SMOKEMART,SMOMARMERNSW,
SMOKEMART,SMOMARMIAPLA,
SMOKEMART,SMOMARMID,
SMOKEMART,SMOMARMIDGAT,
SMOKEMART,SMOMARMILD,
SMOKEMART,SMOMARMIR,
SMOKEMART,SMOMARMIRWA,
SMOKEMART,SMOMARMORTOB,
SMOKEMART,SMOMARMTBAR,
SMOKEMART,SMOMARMTGAM,
SMOKEMART,SMOMARMTGAMMAR,
SMOKEMART,SMOMARMUNPAR,
SMOKEMART,SMOMARMURBRI,
SMOKEMART,SMOMARMURMAR,
SMOKEMART,SMOMARNORARM,
SMOKEMART,SMOMARNORC,
SMOKEMART,SMOMARNORLAK,
SMOKEMART,SMOMARNORPAR,
SMOKEMART,SMOMARNORT,
SMOKEMART,SMOMARNORVIC,
SMOKEMART,SMOMARNUR,
SMOKEMART,SMOMAROCEKEY,
SMOKEMART,SMOMARONL,
SMOKEMART,SMOMARORA,
SMOKEMART,SMOMARORASQUA,
SMOKEMART,SMOMARPAR,
SMOKEMART,SMOMARPEN,
SMOKEMART,SMOMARPENFAI,
SMOKEMART,SMOMARPHO,
SMOKEMART,SMOMARPIN,
SMOKEMART,SMOMARPLAMAR,
SMOKEMART,SMOMARPLEVAL,
SMOKEMART,SMOMARPORADE,
SMOKEMART,SMOMARPORAGU,
SMOKEMART,SMOMARPORHED,
SMOKEMART,SMOMARPORLIN,
SMOKEMART,SMOMARPORPIR,
SMOKEMART,SMOMARREN,
SMOKEMART,SMOMARRIV,
SMOKEMART,SMOMARROB,
SMOKEMART,SMOMARROC,
SMOKEMART,SMOMARROCK,
SMOKEMART,SMOMARROSE,
SMOKEMART,SMOMARRUNBAY,
SMOKEMART,SMOMARRUNMAL,
SMOKEMART,SMOMARSEA,
SMOKEMART,SMOMARSECHAR,
SMOKEMART,SMOMARSOU2,
SMOKEMART,SMOMARSOUHEDSQU,
SMOKEMART,SMOMARSPRPLA,
SMOKEMART,SMOMARSTR,
SMOKEMART,SMOMARTAMSQU,
SMOKEMART,SMOMARTOO,
SMOKEMART,SMOMARTOOW,
SMOKEMART,SMOMARTRA,
SMOKEMART,SMOMARTRE,
SMOKEMART,SMOMARTRIGAR,
SMOKEMART,SMOMARTUG,
SMOKEMART,SMOMARTWE,
SMOKEMART,SMOMARVICHAR,
SMOKEMART,SMOMARVICSQU,
SMOKEMART,SMOMARWAI,
SMOKEMART,SMOMARWAL,
SMOKEMART,SMOMARWAN,
SMOKEMART,SMOMARWAR,
SMOKEMART,SMOMARWARGRO,
SMOKEMART,SMOMARWELPOO,
SMOKEMART,SMOMARWEN,
SMOKEMART,SMOMARWER,
SMOKEMART,SMOMARWESLAK,
SMOKEMART,SMOMARWHY,
SMOKEMART,SMOMARWOD,
SMOKEMART,SMOMARHEA,
SPARECHANG,SPACHATHO,
SPARECHANG,SPACHACOL,
SPARECHANG,SPACHACAR,
SPARECHANG,SPACHA,
SPARECHANG,SPACHA,
SPARECHANG,SPACHAELT,
SPARECHANG,SPACHAMOR,
SPARECHANG,SPACHAMIT,
SPARECHANG,SPACHACOB,
SPARECHANG,SPACHADAN,
SPARECHANG,SPACHAMIL,
SPARECHANG,SPACHABOX,
SPARECHANG,SPACHAKIL,
SPARECHANG,SPACHAGEE,
SPARECHANG,SPACHAROX,
SPARECHANG,SPACHASUN,
SPARECHANG,SPACHABOR,
SPARECHANG,SPACHAMOE,
SPARECHANG,SPACHASHE,
SPARECHANG,SPACHALIL,
SYDENHAM,SMOMARSYD,
SYDENHAM,SYDSMOMARALISPR,
SYDENHAM,SYDSMOMARBAK,
SYDENHAM,SYDSMOMARCAM,
SYDENHAM,SYDSMOMARCAS,
SYDENHAM,SYDSMOMARCAS2,
SYDENHAM,SYDSMOMARCHU,
SYDENHAM,SYDSMOMARCLO,
SYDENHAM,SYDSMOMARCOO,
SYDENHAM,SYDSMOMARDARCENPOI,
SYDENHAM,SYDSMOMARFIN,
SYDENHAM,SYDSMOMARGAT,
SYDENHAM,SYDSMOMARGAW,
SYDENHAM,SYDSMOMARGAWGRE,
SYDENHAM,SYDSMOMARGIL,
SYDENHAM,SYDSMOMARGREE,
SYDENHAM,SYDSMOMARKAT,
SYDENHAM,SYDSMOMARMOD,
SYDENHAM,SYDSMOMARNIG,
SYDENHAM,SYDSMOMARNOR,
SYDENHAM,SYDSMOMARNORSYD,
SYDENHAM,SYDSMOMARPAL,
SYDENHAM,SYDSMOMARPALCITOAS,
SYDENHAM,SYDSMOMARSTAGN,
SYDENHAM,SYDSMOMARSTMO8,
SYDENHAM,SYDSMOMARSTMOR3,
SYDENHAM,SYDSMOMARSTMOR4,
SYDENHAM,SYDSMOMARSTMOR6,
SYDENHAM,SYDSMOMARSTMORGLE,
SYDENHAM,SYDSMOMARTEATRE,
SYDENHAM,SYDSMOMARYEP,
UNITED,MAY,
UNITED,RGUNIPETFYS,
UNITED,RGUNIPETPAT,
UNITED,RGUNIPETSAN,
UNITED,RGUNIPETTRU,
UNITED,RGUNIPETWAT,
UNITED,UNIPET NEWNOR,
UNITED,UNIPET24MAR,
UNITED,UNIPET310SPRI,
UNITED,UNIPET52MOOR,
UNITED,UNIPETACAHIL,
UNITED,UNIPETADE,
UNITED,UNIPETADEAIR2NEW,
UNITED,UNIPETALT,
UNITED,UNIPETALT650,
UNITED,UNIPETALTNOR,
UNITED,UNIPETALTNORNEW,
UNITED,UNIPETAMA,
UNITED,UNIPETARC,
UNITED,UNIPETARM,
UNITED,UNIPETARU,
UNITED,UNIPETARUNEW,
UNITED,UNIPETAYR,
UNITED,UNIPETBAGNEW,
UNITED,UNIPETBAI,
UNITED,UNIPETBAIMAI,
UNITED,UNIPETBAL,
UNITED,UNIPETBALCEN,
UNITED,UNIPETBALEUR,
UNITED,UNIPETBALHIL,
UNITED,UNIPETBALNEW,
UNITED,UNIPETBALNOR,
UNITED,UNIPETBAR,
UNITED,UNIPETBASHIL,
UNITED,UNIPETBASS,
UNITED,UNIPETBAT,
UNITED,UNIPETBAX,
UNITED,UNIPETBAYNEW,
UNITED,UNIPETBEA,
UNITED,UNIPETBEAC,
UNITED,UNIPETBEACH,
UNITED,UNIPETBEL,
UNITED,UNIPETBEN,
UNITED,UNIPETBENCEN,
UNITED,UNIPETBENEAS,
UNITED,UNIPETBER,
UNITED,UNIPETBERR,
UNITED,UNIPETBET,
UNITED,UNIPETBIB,
UNITED,UNIPETBIC,
UNITED,UNIPETBLAIR,
UNITED,UNIPETBLASOU,
UNITED,UNIPETBLIBLI,
UNITED,UNIPETBLUPOI,
UNITED,UNIPETBOO,
UNITED,UNIPETBOU,
UNITED,UNIPETBOUL,
UNITED,UNIPETBOW,
UNITED,UNIPETBOXHIL,
UNITED,UNIPETBRA,
UNITED,UNIPETBRE,
UNITED,UNIPETBRI,
UNITED,UNIPETBRO,
UNITED,UNIPETBROO,
UNITED,UNIPETBROOK,
UNITED,UNIPETBROSOUNEW,
UNITED,UNIPETBUD,
UNITED,UNIPETBUL,
UNITED,UNIPETBUNSOU,
UNITED,UNIPETBUR,
UNITED,UNIPETBURHEA,
UNITED,UNIPETBYF,
UNITED,UNIPETCAB,
UNITED,UNIPETCAINOR,
UNITED,UNIPETCAN,
UNITED,UNIPETCANRIV,
UNITED,UNIPETCARDOW,
UNITED,UNIPETCARR,
UNITED,UNIPETCAS,
UNITED,UNIPETCASWAN,
UNITED,UNIPETCES,
UNITED,UNIPETCHA,
UNITED,UNIPETCHANOR,
UNITED,UNIPETCHE,
UNITED,UNIPETCHUSOU,
UNITED,UNIPETCHUSOUNEW,
UNITED,UNIPETCLA,
UNITED,UNIPETCLANEW,
UNITED,UNIPETCLAR,
UNITED,UNIPETCLASOU,
UNITED,UNIPETCOB,
UNITED,UNIPETCOCGRO,
UNITED,UNIPETCOFCEN,
UNITED,UNIPETCOFHAR,
UNITED,UNIPETCOFHARCEN,
UNITED,UNIPETCOL,
UNITED,UNIPETCOO,
UNITED,UNIPETCOOBEA,
UNITED,UNIPETCOOPLA,
UNITED,UNIPETCOR,
UNITED,UNIPETCORNOR,
UNITED,UNIPETCORNORNEW,
UNITED,UNIPETCOW,
UNITED,UNIPETCRAN,
UNITED,UNIPETCRANEW,
UNITED,UNIPETCRANOR,
UNITED,UNIPETCRAPAR,
UNITED,UNIPETCRASOU,
UNITED,UNIPETCRAWES,
UNITED,UNIPETCRE,
UNITED,UNIPETCRI,
UNITED,UNIPETCRO,
UNITED,UNIPETCRONEW,
UNITED,UNIPETCRONOR,
UNITED,UNIPETCUN,
UNITED,UNIPETDAL,
UNITED,UNIPETDAN,
UNITED,UNIPETDANCEN,
UNITED,UNIPETDANGRE,
UNITED,UNIPETDANSOU,
UNITED,UNIPETDAR,
UNITED,UNIPETDEE,
UNITED,UNIPETDEEPAR,
UNITED,UNIPETDEEPARCEN,
UNITED,UNIPETDEEPARSTA,
UNITED,UNIPETDEEWHY,
UNITED,UNIPETDEEWHYPITNEW,
UNITED,UNIPETDEL,
UNITED,UNIPETDER,
UNITED,UNIPETDEV,
UNITED,UNIPETDEV2,
UNITED,UNIPETDEVEAS,
UNITED,UNIPETDEVSOU,
UNITED,UNIPETDON,
UNITED,UNIPETDOO,
UNITED,UNIPETDOR,
UNITED,UNIPETDORE,
UNITED,UNIPETDRO,
UNITED,UNIPETDROLON,
UNITED,UNIPETDUB,
UNITED,UNIPETDUBEAS,
UNITED,UNIPETEASBLA,
UNITED,UNIPETECH,
UNITED,UNIPETECHEAS,
UNITED,UNIPETEDG,
UNITED,UNIPETELITOW,
UNITED,UNIPETELL,
UNITED,UNIPETELT,
UNITED,UNIPETEMPBAY,
UNITED,UNIPETENDHIL,
UNITED,UNIPETEXE,
UNITED,UNIPETFIT,
UNITED,UNIPETFLIPAR,
UNITED,UNIPETFOR,
UNITED,UNIPETFRA,
UNITED,UNIPETFRASOU,
UNITED,UNIPETFREWAT,
UNITED,UNIPETFYS,
UNITED,UNIPETGAG,
UNITED,UNIPETGAY,
UNITED,UNIPETGEECEN,
UNITED,UNIPETGEOTOWCEN,
UNITED,UNIPETGIR,
UNITED,UNIPETGLA,
UNITED,UNIPETGLACEN,
UNITED,UNIPETGLE,
UNITED,UNIPETGLEINN,
UNITED,UNIPETGOO,
UNITED,UNIPETGOR,
UNITED,UNIPETGORCAIROA,
UNITED,UNIPETGRASOU,
UNITED,UNIPETGRASOUFOU,
UNITED,UNIPETGUN,
UNITED,UNIPETGYMNEW,
UNITED,UNIPETHAL,
UNITED,UNIPETHAM,
UNITED,UNIPETHAMHIL,
UNITED,UNIPETHAMPAR,
UNITED,UNIPETHAR,
UNITED,UNIPETHAS,
UNITED,UNIPETHASEAS,
UNITED,UNIPETHASWES,
UNITED,UNIPETHEA,
UNITED,UNIPETHEAGAP,
UNITED,UNIPETHENBEA,
UNITED,UNIPETHENBEANEW,
UNITED,UNIPETHEPHEI,
UNITED,UNIPETHERBAY,
UNITED,UNIPETHERBAYESP,
UNITED,UNIPETHERPAR,
UNITED,UNIPETHIG,
UNITED,UNIPETHIGFIE,
UNITED,UNIPETHIL,
UNITED,UNIPETHILLNEW,
UNITED,UNIPETHILNEW,
UNITED,UNIPETHILVUE,
UNITED,UNIPETHO,
UNITED,UNIPETHOBNOR,
UNITED,UNIPETHOL,
UNITED,UNIPETHOM,
UNITED,UNIPETHOP,
UNITED,UNIPETHOR,
UNITED,UNIPETHUG,
UNITED,UNIPETHUM,
UNITED,UNIPETIIL,
UNITED,UNIPETING,
UNITED,UNIPETINN,
UNITED,UNIPETINV,
UNITED,UNIPETISL,
UNITED,UNIPETJEN,
UNITED,UNIPETJUN,
UNITED,UNIPETKAL,
UNITED,UNIPETKAM,
UNITED,UNIPETKAT,
UNITED,UNIPETKATSOU,
UNITED,UNIPETKEIPAR,
UNITED,UNIPETKEL,
UNITED,UNIPETKEM,
UNITED,UNIPETKEMCRE,
UNITED,UNIPETKEN,
UNITED,UNIPETKEW,
UNITED,UNIPETKEWD,
UNITED,UNIPETKIA,
UNITED,UNIPETKIANEW,
UNITED,UNIPETKIL,
UNITED,UNIPETKILC,
UNITED,UNIPETKILS,
UNITED,UNIPETKIN,
UNITED,UNIPETKING,
UNITED,UNIPETKINLAK,
UNITED,UNIPETKOA,
UNITED,UNIPETLAB,
UNITED,UNIPETLAKENT,
UNITED,UNIPETLAN,
UNITED,UNIPETLAT,
UNITED,UNIPETLAU,
UNITED,UNIPETLAUNEW,
UNITED,UNIPETLAVNOR,
UNITED,UNIPETLAVNOR,
UNITED,UNIPETLED,
UNITED,UNIPETLEE,
UNITED,UNIPETLEG,
UNITED,UNIPETLEGNEW,
UNITED,UNIPETLEO,
UNITED,UNIPETLETPAR,
UNITED,UNIPETLEX,
UNITED,UNIPETLILNOR,
UNITED,UNIPETLIS,
UNITED,UNIPETLISNEW,
UNITED,UNIPETLIT,
UNITED,UNIPETLIT2,
UNITED,UNIPETLON,
UNITED,UNIPETLONG,
UNITED,UNIPETLOWLIG,
UNITED,UNIPETLUD,
UNITED,UNIPETLUT,
UNITED,UNIPETLYN,
UNITED,UNIPETMAC,
UNITED,UNIPETMACNEW,
UNITED,UNIPETMAD,
UNITED,UNIPETMAF,
UNITED,UNIPETMAI,
UNITED,UNIPETMAIEAS,
UNITED,UNIPETMAR,
UNITED,UNIPETMARNTH,
UNITED,UNIPETMARNTHNEW,
UNITED,UNIPETMARR,
UNITED,UNIPETMARY,
UNITED,UNIPETMAY,
UNITED,UNIPETMCK,
UNITED,UNIPETMEDBAT,
UNITED,UNIPETMELPAR,
UNITED,UNIPETMEN,
UNITED,UNIPETMER,
UNITED,UNIPETMERR,
UNITED,UNIPETMET,
UNITED,UNIPETMICNEW,
UNITED,UNIPETMIL,
UNITED,UNIPETMILAVE,
UNITED,UNIPETMILE,
UNITED,UNIPETMIN,
UNITED,UNIPETMINT,
UNITED,UNIPETMIT,
UNITED,UNIPETMOE,
UNITED,UNIPETMOO,
UNITED,UNIPETMOR,
UNITED,UNIPETMORA,
UNITED,UNIPETMORAY,
UNITED,UNIPETMORN,
UNITED,UNIPETMORSOU,
UNITED,UNIPETMOUBAR,
UNITED,UNIPETMOUGAM,
UNITED,UNIPETMOUISA,
UNITED,UNIPETMOULOU,
UNITED,UNIPETMTLAW,
UNITED,UNIPETMUD,
UNITED,UNIPETMUDG,
UNITED,UNIPETMUL,
UNITED,UNIPETMULG,
UNITED,UNIPETMUR,
UNITED,UNIPETMURBRI,
UNITED,UNIPETMURBRINEW,
UNITED,UNIPETMYA,
UNITED,UNIPETNAG,
UNITED,UNIPETNAN,
UNITED,UNIPETNARNOR,
UNITED,UNIPETNARWARSOU,
UNITED,UNIPETNEE,
UNITED,UNIPETNEW,
UNITED,UNIPETNEWNEW,
UNITED,UNIPETNOB,
UNITED,UNIPETNOBPAR,
UNITED,UNIPETNOO,
UNITED,UNIPETNOON,
UNITED,UNIPETNOR,
UNITED,UNIPETNORGEE,
UNITED,UNIPETNORRIC,
UNITED,UNIPETNORWYO,
UNITED,UNIPETNOTRIC,
UNITED,UNIPETNOW,
UNITED,UNIPETOAK,
UNITED,UNIPETORA,
UNITED,UNIPETORAPEI,
UNITED,UNIPETOSB,
UNITED,UNIPETOUR,
UNITED,UNIPETOUY,
UNITED,UNIPETPAL,
UNITED,UNIPETPAM,
UNITED,UNIPETPAR,
UNITED,UNIPETPARA,
UNITED,UNIPETPARRID,
UNITED,UNIPETPAT,
UNITED,UNIPETPAY,
UNITED,UNIPETPEN,
UNITED,UNIPETPERAIR,
UNITED,UNIPETPERROA,
UNITED,UNIPETPIM,
UNITED,UNIPETPIN,
UNITED,UNIPETPINJ,
UNITED,UNIPETPOA,
UNITED,UNIPETPOAROA,
UNITED,UNIPETPOICOO,
UNITED,UNIPETPOO,
UNITED,UNIPETPOO2,
UNITED,UNIPETPOR,
UNITED,UNIPETPORARLNEW,
UNITED,UNIPETPORWAK,
UNITED,UNIPETPRA,
UNITED,UNIPETPRE,
UNITED,UNIPETPRESOU,
UNITED,UNIPETQUETOW,
UNITED,UNIPETQUIROC,
UNITED,UNIPETRAN,
UNITED,UNIPETRANGE,
UNITED,UNIPETRAPAR,
UNITED,UNIPETRED,
UNITED,UNIPETREN,
UNITED,UNIPETRENNEW,
UNITED,UNIPETROC,
UNITED,UNIPETROCALBST,
UNITED,UNIPETROCNEW,
UNITED,UNIPETROL,
UNITED,UNIPETROM,
UNITED,UNIPETROS,
UNITED,UNIPETROSE,
UNITED,UNIPETROSNEW,
UNITED,UNIPETROW,
UNITED,UNIPETROZN,
UNITED,UNIPETSALCEN,
UNITED,UNIPETSALE,
UNITED,UNIPETSALI,
UNITED,UNIPETSALNEW,
UNITED,UNIPETSALSOU,
UNITED,UNIPETSAN,
UNITED,UNIPETSANBAY,
UNITED,UNIPETSANBAYNEW,
UNITED,UNIPETSANBAYSOU,
UNITED,UNIPETSAS,
UNITED,UNIPETSASS,
UNITED,UNIPETSCO,
UNITED,UNIPETSEA,
UNITED,UNIPETSEAF,
UNITED,UNIPETSEANEW,
UNITED,UNIPETSHE,
UNITED,UNIPETSHEF,
UNITED,UNIPETSHENEW,
UNITED,UNIPETSHEP,
UNITED,UNIPETSHEST,
UNITED,UNIPETSHEWOO,
UNITED,UNIPETSIN,
UNITED,UNIPETSMI,
UNITED,UNIPETSMIST,
UNITED,UNIPETSOM,
UNITED,UNIPETSOME,
UNITED,UNIPETSOR,
UNITED,UNIPETSORNEW,
UNITED,UNIPETSOU,
UNITED,UNIPETSOUBRO,
UNITED,UNIPETSOULAK,
UNITED,UNIPETSOULAKNEW,
UNITED,UNIPETSOURIV,
UNITED,UNIPETSOUROA,
UNITED,UNIPETSPR,
UNITED,UNIPETSPRI,
UNITED,UNIPETSTAL,
UNITED,UNIPETSTALBNORNEW,
UNITED,UNIPETSTHEL,
UNITED,UNIPETSTR,
UNITED,UNIPETSTU,
UNITED,UNIPETSUN,
UNITED,UNIPETSUNHIL,
UNITED,UNIPETSUNNEW,
UNITED,UNIPETSUNNOR,
UNITED,UNIPETSUT,
UNITED,UNIPETSWAHILs,
UNITED,UNIPETTAR,
UNITED,UNIPETTARDEP,
UNITED,UNIPETTAYLAKNEW,
UNITED,UNIPETTEN,
UNITED,UNIPETTER,
UNITED,UNIPETTERHIL,
UNITED,UNIPETTHEBAS,
UNITED,UNIPETTHO,
UNITED,UNIPETTIA,
UNITED,UNIPETTIN,
UNITED,UNIPETTOM,
UNITED,UNIPETTOO,
UNITED,UNIPETTOOCEN,
UNITED,UNIPETTOORAN,
UNITED,UNIPETTOOWES,
UNITED,UNIPETTRA,
UNITED,UNIPETTRA24,
UNITED,UNIPETTRASOU,
UNITED,UNIPETTRAWES,
UNITED,UNIPETTRU,
UNITED,UNIPETTURPAR,
UNITED,UNIPETTWEHEA,
UNITED,UNIPETTWEHEAMAL,
UNITED,UNIPETTYA,
UNITED,UNIPETTYE,
UNITED,UNIPETUMI,
UNITED,UNIPETUPPCOO,
UNITED,UNIPETUPPCOOWES,
UNITED,UNIPETVICPAR,
UNITED,UNIPETVIN,
UNITED,UNIPETVINCRE,
UNITED,UNIPETVIR,
UNITED,UNIPETWAGWAG,
UNITED,UNIPETWAL,
UNITED,UNIPETWAN,
UNITED,UNIPETWAR,
UNITED,UNIPETWAROAS,
UNITED,UNIPETWEN,
UNITED,UNIPETWESEND,
UNITED,UNIPETWESGAT,
UNITED,UNIPETWESGATSOU,
UNITED,UNIPETWESMEL,
UNITED,UNIPETWESWOD,
UNITED,UNIPETWHI,
UNITED,UNIPETWHINOR,
UNITED,UNIPETWHY,
UNITED,UNIPETWIL,
UNITED,UNIPETWIN,
UNITED,UNIPETWIND,
UNITED,UNIPETWODON,
UNITED,UNIPETWOO,
UNITED,UNIPETWOOL,
UNITED,UNIPETWOR,
UNITED,UNIPETWYE,
UNITED,UNIPETWYN,
UNITED,UNIPETWYNNEW,
UNITED,UNIPETWYO,
UNITED,UNIPETYAG,
UNITED,UNIPETYAGSOU,
UNITED,UNIPETYAR,
UNITED,UNIPETYARGLE,
UNITED,UNIPETYARR,
UNITED,UNIPETYAS,
UNITED,UNIPETYEP,
UNITED,UNIPETBULNSW,
UNITED,WARFASFOO,
UNITED,ZYUNIPETCRASOU,
UNITED,ZYUNIPETMAR,
UNITED,UNIPETELISOU,
UNITING,UNICARCOMPOM,
UNITING,UNICARCOMCAL,
UNITING,UNICARCOMMACK,
UNITING,UNICARCOMPACPAR,
UNITING,UNICARCOMBUR,
UNITING,UNICARCOMBEL,
UNITING,UNICARCOMFRA,
UNITING,UNICARCOMCOOR,
UNITING,UNICARCOMMAR,
UNITING,UNICARCOMNOO,
UNITING,UNICARCOMMOL,
UNITING,UNICARCOMFOR,
UNITING,UNICARCOMCOO,
UNITING,UNICARCOMKAL,
UNITING,UNICARCOMGYM,
UNITING,UNICARCOMBOK,
UNITING,UNICARCOMJAC,
UNITING,UNICARCOMBEER,
UNITING,UNICARCOMMAL,
UNITING,UNICARCOMCAB,
UNITING,UNICARCOMKUN,
UNITING,UNICARCOMKUNRET,
UNITING,UNICARCOMTEW,
UNITING,UNICARCOMBAYDRI,
UNITING,UNICARCOMURA,
UNITING,UNICARCOMMARY,
UNITING,UNICARCOMMAISTR,
UNITING,UNICARCOMKIN,
UNITING,UNICARCOMMUR,
WAYNEWO,WAYWORDISROS,
WAYNEWO,WAYWORDISGAT,
WAYNEWO,ERATRA,
WAYNEWO,WAYWORDISGLEINN,
WAYNEWO,WAYWORDISGYM,
WAYNEWO,WAYWORDISKIN,
WAYNEWO,WAYWORDISLAI,
WAYNEWO,WAYWORDISLOW,
WAYNEWO,WAYWORDISMUR,
WAYNEWO,WAYWORDISMOR,
WAYNEWO,WAYWORDISPIT,
WSNTRUST,WSNTRU,
